{"cameraMode":{"drawMode":0,"name":"Shaded","section":"Shading Mode"},"sceneLighting":true,"audioPlay":false,"sceneViewState":{"m_AlwaysRefresh":false,"showFog":true,"showSkybox":true,"showFlares":true,"showImageEffects":true,"showParticleSystems":true,"showVisualEffectGraphs":true,"m_FxEnabled":true},"in2DMode":false,"pivot":{"x":30.2017822265625,"y":14.273815155029297,"z":10.077954292297364},"rotation":{"x":0.5893553495407105,"y":-0.009696862660348416,"z":0.007075874600559473,"w":0.807790994644165},"size":23.89354133605957,"orthographic":false}