{"cameraMode":{"drawMode":0,"name":"Shaded","section":"Shading Mode"},"sceneLighting":true,"audioPlay":false,"sceneViewState":{"m_AlwaysRefresh":false,"showFog":true,"showSkybox":true,"showFlares":true,"showImageEffects":true,"showParticleSystems":true,"showVisualEffectGraphs":true,"m_FxEnabled":true},"in2DMode":false,"pivot":{"x":12.79321575164795,"y":22.90981674194336,"z":-22.855356216430665},"rotation":{"x":0.2612369656562805,"y":-0.007243122905492783,"z":0.0019627022556960584,"w":0.965251624584198},"size":15.40993881225586,"orthographic":false}