{"cameraMode":{"drawMode":0,"name":"Shaded","section":"Shading Mode"},"sceneLighting":true,"audioPlay":false,"sceneViewState":{"m_AlwaysRefresh":false,"showFog":true,"showSkybox":true,"showFlares":true,"showImageEffects":true,"showParticleSystems":true,"showVisualEffectGraphs":true,"m_FxEnabled":true},"in2DMode":false,"pivot":{"x":-98.41868591308594,"y":15.156829833984375,"z":-49.60285949707031},"rotation":{"x":0.4245678782463074,"y":-0.03800822049379349,"z":0.017842205241322519,"w":0.9044234752655029},"size":96.75789642333985,"orthographic":true}