{"cameraMode":{"drawMode":0,"name":"Shaded","section":"Shading Mode"},"sceneLighting":true,"audioPlay":false,"sceneViewState":{"m_AlwaysRefresh":false,"showFog":true,"showSkybox":true,"showFlares":true,"showImageEffects":true,"showParticleSystems":true,"showVisualEffectGraphs":true,"m_FxEnabled":true},"in2DMode":false,"pivot":{"x":19.157285690307618,"y":9.44053840637207,"z":10.43801498413086},"rotation":{"x":0.2612369656562805,"y":-0.007243122905492783,"z":0.0019627022556960584,"w":0.965251624584198},"size":21.15045166015625,"orthographic":false}