{"cameraMode":{"drawMode":0,"name":"Shaded","section":"Shading Mode"},"sceneLighting":true,"audioPlay":false,"sceneViewState":{"m_AlwaysRefresh":false,"showFog":true,"showSkybox":true,"showFlares":true,"showImageEffects":true,"showParticleSystems":true,"showVisualEffectGraphs":true,"m_FxEnabled":true},"in2DMode":false,"pivot":{"x":-17.355167388916017,"y":21.456222534179689,"z":-40.30034637451172},"rotation":{"x":0.5006785988807678,"y":0.006492081563919783,"z":-0.003755262354388833,"w":0.8656026124954224},"size":103.18251037597656,"orthographic":true}