{"cameraMode":{"drawMode":0,"name":"Shaded","section":"Shading Mode"},"sceneLighting":false,"audioPlay":false,"sceneViewState":{"m_AlwaysRefresh":false,"showFog":true,"showSkybox":false,"showFlares":true,"showImageEffects":true,"showParticleSystems":true,"showVisualEffectGraphs":true,"m_FxEnabled":true},"in2DMode":false,"pivot":{"x":0.000431060791015625,"y":-0.3074999153614044,"z":0.00096893310546875},"rotation":{"x":0.4406219720840454,"y":0.008075570687651635,"z":-0.003963004797697067,"w":0.8976510763168335},"size":7.078191757202148,"orthographic":false}