{"cameraMode":{"drawMode":0,"name":"Shaded","section":"Shading Mode"},"sceneLighting":false,"audioPlay":false,"sceneViewState":{"m_AlwaysRefresh":false,"showFog":true,"showSkybox":false,"showFlares":true,"showImageEffects":true,"showParticleSystems":true,"showVisualEffectGraphs":true,"m_FxEnabled":true},"in2DMode":false,"pivot":{"x":4.271435260772705,"y":3.3188514709472658,"z":3.0391383171081545},"rotation":{"x":0.40027138590812685,"y":0.061778951436281207,"z":-0.027057547122240068,"w":0.9139124751091003},"size":17.081205368041993,"orthographic":false}